Designator,Footprint,Quantity,Value,LCSC Part #
2S BAT,JST_XH_B2B-XH-A_1x02_P2.50mm_Vertical,1,NiMH 2S Pack,
3.3V,0805,1,3.3V,
5V,0603,1,5V,
BOOT,SW-SMD_4P-L5.1-W5.1-P3.70-LS6.5-TL_H1.5,1,BOOT,
BZ1,Buzzer_12x9.5RM7.6,1,Buzzer,
"C1, C4, C7",0402,3,1uF,
"C2, C3",CP_EIA-3216-18_Kemet-A,2,10uF,
"C5, C8, C9",0805,3,10uF,
C6,0402,1,100nF,
CHRG,0805,1,CHRG,
D5,D_SMA,1,SS14,
DISPLAY,PinHeader_1x04_P2.54mm_Vertical,1,OLED,
ENCODER,PinHeader_1x05_P2.54mm_Vertical,1,Encoder,
ESP32-S3-WROOM-1-N16R8,ESP32-S3-WROOM-1,1,ESP32-S3-WROOM-1-N16R8,
J5,USB_C_Receptacle_G-Switch_GT-USB-7010ASV,1,USB_C_Receptacle_USB2.0_16P,
J7,PinHeader_1x02_P2.54mm_Vertical,1,Power Switch,
L1,L_APV_ANR4020,1,2.2uH,
LED,PinHeader_1x04_P2.54mm_Vertical,1,RGB LED,
Q1,SOT-23,1,SS8050,
Q2,SOT-23,1,AO3401A,
"R1, R10, R11, R17, R2, R3, R4",0402,7,5.1k,
"R12, R19, R21",0402,3,1k,
R13,0402,1,100R,
R14,0402,1,51k,
R15,0402,1,200k,
R16,0402,1,330R,
"R18, R7, R8, R9",0402,4,10k,
"R20, R23",0805,2,10k,
R22,0402,1,1.5k,
"R24, R25",0402,2,220R,
"R5, R6",0402,2,22,
RESET,SW-SMD_4P-L5.1-W5.1-P3.70-LS6.5-TL_H1.5,1,RESET,
STAT,0805,1,STATUS,
U2,Texas_DRC0010J_ThermalVias,1,TPS63001DRCR,
U3,SOP-8_L4.9-W3.9-P1.27-LS6.0-BL-EP,1,CN3085,C93054
UART1,PinHeader_1x04_P2.54mm_Vertical,1,UART0,
ULTRAA,PinHeader_1x04_P2.54mm_Vertical,1,UltrasonicB,
ULTRAB,PinHeader_1x04_P2.54mm_Vertical,1,UltrasonicA,
ULTRAC,PinHeader_1x04_P2.54mm_Vertical,1,UltrasonicC,
