Designator,Mid X,Mid Y,Rotation,Layer
2S BAT,6.1,22.25,90.0,top
3.3V,25.6,19.9,0.0,top
5V,25.5,24.8,0.0,top
BOOT,64.6,7.7,0.0,top
BZ1,8.0,10.2,90.0,top
C1,43.2,22.5,270.0,top
C2,27.1,8.8525,90.0,top
C3,29.9,8.8525,90.0,top
C4,32.1,8.8325,270.0,top
C5,18.9,8.8525,270.0,top
C6,23.5,4.0525,0.0,top
C7,7.4,29.0,0.0,top
C8,10.8,29.0,180.0,top
C9,15.2,29.6,270.0,top
CHRG,20.4,38.8,0.0,top
D5,21.4,29.3,90.0,top
DISPLAY,71.5,12.49,0.0,top
ENCODER,71.6,25.66,0.0,top
ESP32-S3-WROOM-1-N16R8,57.45,22.94,0.0,top
J5,32.8,37.2,180.0,top
J7,17.9,16.395,180.0,top
L1,22.9,12.8525,180.0,top
LED,12.03,1.9,90.0,top
Q1,31.4,14.8,180.0,top
Q2,15.2,23.6,0.0,top
R1,35.2,22.5,90.0,top
R10,31.1,30.4,90.0,top
R11,34.4,30.4,90.0,top
R12,27.9,15.8,0.0,top
R13,21.1,4.0275,180.0,top
R14,17.91,33.0,180.0,top
R15,15.71,33.0,180.0,top
R16,28.3,3.29,0.0,top
R17,23.0,37.6,270.0,top
R18,15.1,19.9,90.0,top
R19,4.4,33.8,270.0,top
R2,28.7,24.9,180.0,top
R20,15.2,37.6,180.0,top
R21,12.69,21.7,0.0,top
R22,4.4,31.4,270.0,top
R23,11.2,37.6,180.0,top
R24,28.3,2.2,180.0,top
R25,28.3,1.0,180.0,top
R3,28.7,20.0,180.0,top
R4,28.7,22.5,180.0,top
R5,45.4,14.7,180.0,top
R6,45.4,16.0,180.0,top
R7,68.9,11.6,270.0,top
R8,42.31,17.2,180.0,top
R9,49.8,9.6,270.0,top
RESET,40.2,26.7,0.0,top
STAT,25.6,22.5,0.0,top
U2,22.9,8.0525,270.0,top
U3,9.3,33.7,180.0,top
UART1,53.83,6.5,270.0,top
ULTRAA,41.73,12.0,90.0,top
ULTRAB,41.77,7.9,90.0,top
ULTRAC,41.805,3.895,90.0,top
